id,url,content
title,,看中国新闻网 - 即时新闻 - 中国新闻 - 海外华人 - 内幕新闻 - 历史秘闻
toppic0,/news/gb/2023/04/15/1033555.html,蔡天凤案疑犯忽更新IG网叹案情越发扑朔迷离(组图)
toppic1,/news/gb/2023/04/15/1033545.html,岸田文雄遇袭嫌犯身份曝光目击现场惊魂(视频)
toppic2,/news/gb/2023/04/15/1033539.html,助选现场遇袭日本首相岸田文雄毫发无伤(组图视频)
toppic3,/news/gb/2023/04/15/1033246.html,蜂蜜抗癌提升免疫力一旦用错方法会失效(图)
toppic4,/news/gb/2023/04/15/1033523.html,美国力推电动车发布史上最严汽车排放新规(图)
toppic5,/news/gb/2023/04/15/1033537.html,共军派232架军机环台军演专家曝3大问题(图)
toppic6,/news/gb/2023/04/15/1033530.html,地方债务超61兆贵州公开求救中南海无视怕踩“坑”(图)
toppic7,/news/gb/2023/04/14/1033158.html,武穆遗书中所揭露的一段真实故事(图)
toppic8,/news/gb/2023/04/15/1033515.html,世界首富和股神谈人工智能AI的未来(图)
toppic9,/news/gb/2023/04/15/1033442.html,从小到大恶梦不断女孩梦见前世记忆(图)
toppic10,/news/gb/2023/04/15/1033455.html,第二个林彪集团刘亚洲被陆媒列为头号汉奸(图)
toppic11,/news/gb/2023/04/15/1030816.html,与人交谈少说自己这三件事(组图)
bktoppic0,/news/gb/2023/04/15/1033246.html,蜂蜜抗癌提升免疫力一旦用错方法会失效(图)
bktoppic1,/news/gb/2023/04/14/1033158.html,武穆遗书中所揭露的一段真实故事(图)
bktoppic2,/news/gb/2023/04/15/1033442.html,从小到大恶梦不断女孩梦见前世记忆(图)
bktoppic3,/news/gb/2023/04/15/1030816.html,与人交谈少说自己这三件事(组图)
bktoppic4,/news/gb/2023/04/15/1033532.html,东北军张学良不抗日地方乡绅如何自救保命(组图)
bktoppic5,/news/gb/2023/04/15/1033367.html,下棋看人品一举动判断此人能否深交(组图)
